"Media_CD8","DE_CD8","Media_M1","DE_M1","Media_M2","DE_M2"
0.121286394533567,0.110826675593702,0.0468942417879024,0.0389567558380421,0.156144136628412,0.112556240842664
